[{"place_id": 234243290, "licence": "Data \u00a9 OpenStreetMap contributors, ODbL 1.0. http://osm.org/copyright", "osm_type": "way", "osm_id": 133054990, "lat": "2.9279090", "lon": "101.6417899", "class": "amenity", "type": "university", "place_rank": 30, "importance": 0.4000139350993274, "addresstype": "amenity", "name": "Multimedia University", "display_name": "Multimedia University, Persiaran Multimedia, Cyber 11, Cyberjaya, Sepang, Selangor, 63000, Malaysia", "boundingbox": ["2.9221589", "2.9335811", "101.6377750", "101.6467094"]}]